,action_history,player_held_object,other_player_held_object,o0_distance_from_Alice,o1_distance_from_Alice,p0_distance_from_Alice,d0_distance_from_Alice,c0_distance_from_Alice,c1_distance_from_Alice,s0_distance_from_Alice,s1_distance_from_Alice,s2_distance_from_Alice,c0_num_onions,c0_cooker_status,c0_soup_in_cooker_status,c1_num_onions,c1_cooker_status,c1_soup_in_cooker_status,s0 object,s1 object,s2 object,available_actions,full_state_description,selected_action,llm_response
0,"['wait.', 'wait.', 'wait.', 'move away.', 'pick up onion from s1.', 'place onion in c0.', 'move away.', 'pick up onion from s0.', 'move away.', 'pick up onion from s1.', 'place onion in c0.']",nothing,nothing,infinite,infinite,infinite,2,0,0,0,1,2,0,off,not cooking,0,off,not cooking,empty,empty,empty,wait. | move away.,"action history: .
<Inventory>: I am holding nothing. <My location information:> o0 is inaccessible. o1 is inaccessible. p0 is inaccessible. d0 is 2 units away. c0 is 0 units away. c1 is 0 units away. s0 is 0 units away. s1 is 1 units away. s2 is 2 units away. 
<Environment Details>: c0 contains 0 out of 3 onions. c0 is off. soup in c0 is not cooking. c1 contains 0 out of 3 onions. c1 is off. soup in c1 is not cooking. s0 is empty. s1 is empty. s2 is empty. Closest empty kitchen counter k4 is 1 units away. 
Available Actions:
[wait., move away.]",wait.,Action: wait.
1,"['wait.', 'wait.', 'wait.', 'move away.', 'pick up onion from s1.', 'place onion in c0.', 'move away.', 'pick up onion from s0.', 'move away.', 'pick up onion from s1.', 'place onion in c0.']",nothing,nothing,infinite,infinite,infinite,2,0,0,0,1,2,0,off,not cooking,0,off,not cooking,empty,empty,empty,wait. | move away.,"action history: wait..
<Inventory>: I am holding nothing. <My location information:> o0 is inaccessible. o1 is inaccessible. p0 is inaccessible. d0 is 2 units away. c0 is 0 units away. c1 is 0 units away. s0 is 0 units away. s1 is 1 units away. s2 is 2 units away. 
<Environment Details>: c0 contains 0 out of 3 onions. c0 is off. soup in c0 is not cooking. c1 contains 0 out of 3 onions. c1 is off. soup in c1 is not cooking. s0 is empty. s1 is empty. s2 is empty. Closest empty kitchen counter k4 is 1 units away. 
Available Actions:
[wait., move away.]",wait.,Action: wait.
2,"['wait.', 'wait.', 'wait.', 'move away.', 'pick up onion from s1.', 'place onion in c0.', 'move away.', 'pick up onion from s0.', 'move away.', 'pick up onion from s1.', 'place onion in c0.']",nothing,onion,infinite,infinite,infinite,2,0,0,0,1,2,0,off,not cooking,0,off,not cooking,empty,empty,empty,wait. | move away.,"action history: wait., wait..
<Inventory>: I am holding nothing. <My location information:> o0 is inaccessible. o1 is inaccessible. p0 is inaccessible. d0 is 2 units away. c0 is 0 units away. c1 is 0 units away. s0 is 0 units away. s1 is 1 units away. s2 is 2 units away. 
<Environment Details>: c0 contains 0 out of 3 onions. c0 is off. soup in c0 is not cooking. c1 contains 0 out of 3 onions. c1 is off. soup in c1 is not cooking. s0 is empty. s1 is empty. s2 is empty. Closest empty kitchen counter k4 is 1 units away. 
Available Actions:
[wait., move away.]",wait.,Action: wait.
3,"['wait.', 'wait.', 'wait.', 'move away.', 'pick up onion from s1.', 'place onion in c0.', 'move away.', 'pick up onion from s0.', 'move away.', 'pick up onion from s1.', 'place onion in c0.']",nothing,onion,infinite,infinite,infinite,2,0,0,0,1,2,0,off,not cooking,0,off,not cooking,empty,empty,empty,wait. | move away.,"action history: wait., wait., wait..
<Inventory>: I am holding nothing. <My location information:> o0 is inaccessible. o1 is inaccessible. p0 is inaccessible. d0 is 2 units away. c0 is 0 units away. c1 is 0 units away. s0 is 0 units away. s1 is 1 units away. s2 is 2 units away. 
<Environment Details>: c0 contains 0 out of 3 onions. c0 is off. soup in c0 is not cooking. c1 contains 0 out of 3 onions. c1 is off. soup in c1 is not cooking. s0 is empty. s1 is empty. s2 is empty. Closest empty kitchen counter k4 is 1 units away. 
Available Actions:
[wait., move away.]",move away.,Action: move away.
4,"['wait.', 'wait.', 'wait.', 'move away.', 'pick up onion from s1.', 'place onion in c0.', 'move away.', 'pick up onion from s0.', 'move away.', 'pick up onion from s1.', 'place onion in c0.']",nothing,nothing,infinite,infinite,infinite,1,1,1,1,0,1,0,off,not cooking,0,off,not cooking,empty,onion,empty,pick up onion from s1. | wait. | move away.,"action history: wait., wait., wait., move away..
<Inventory>: I am holding nothing. <My location information:> o0 is inaccessible. o1 is inaccessible. p0 is inaccessible. d0 is 1 units away. c0 is 1 units away. c1 is 1 units away. s0 is 1 units away. s1 is 0 units away. s2 is 1 units away. 
<Environment Details>: c0 contains 0 out of 3 onions. c0 is off. soup in c0 is not cooking. c1 contains 0 out of 3 onions. c1 is off. soup in c1 is not cooking. s0 is empty. s1 contains onion. s2 is empty. Closest empty kitchen counter k4 is 0 units away. 
Available Actions:
[pick up onion from s1., wait., move away.]",pick up onion from s1.,Action: pick up onion from s1.
5,"['wait.', 'wait.', 'wait.', 'move away.', 'pick up onion from s1.', 'place onion in c0.', 'move away.', 'pick up onion from s0.', 'move away.', 'pick up onion from s1.', 'place onion in c0.']",onion,nothing,infinite,infinite,infinite,1,1,1,1,0,1,0,off,not cooking,0,off,not cooking,empty,empty,empty,place onion in c0. | place onion in c1. | place onion on k4. | place onion in s0. | place onion in s1. | place onion in s2. | wait. | move away.,"action history: wait., wait., wait., move away., pick up onion from s1..
<Inventory>: I am holding onion. <My location information:> o0 is inaccessible. o1 is inaccessible. p0 is inaccessible. d0 is 1 units away. c0 is 1 units away. c1 is 1 units away. s0 is 1 units away. s1 is 0 units away. s2 is 1 units away. 
<Environment Details>: c0 contains 0 out of 3 onions. c0 is off. soup in c0 is not cooking. c1 contains 0 out of 3 onions. c1 is off. soup in c1 is not cooking. s0 is empty. s1 is empty. s2 is empty. Closest empty kitchen counter k4 is 0 units away. 
Available Actions:
[place onion in c0., place onion in c1., place onion on k4., place onion in s0., place onion in s1., place onion in s2., wait., move away.]",place onion in c0.,Action: place onion in c0.
6,"['wait.', 'wait.', 'wait.', 'move away.', 'pick up onion from s1.', 'place onion in c0.', 'move away.', 'pick up onion from s0.', 'move away.', 'pick up onion from s1.', 'place onion in c0.']",nothing,onion,infinite,infinite,infinite,2,0,0,0,1,2,1,off,not cooking,0,off,not cooking,empty,empty,empty,wait. | move away.,"action history: wait., wait., move away., pick up onion from s1., place onion in c0..
<Inventory>: I am holding nothing. <My location information:> o0 is inaccessible. o1 is inaccessible. p0 is inaccessible. d0 is 2 units away. c0 is 0 units away. c1 is 0 units away. s0 is 0 units away. s1 is 1 units away. s2 is 2 units away. 
<Environment Details>: c0 contains 1 out of 3 onions. c0 is off. soup in c0 is not cooking. c1 contains 0 out of 3 onions. c1 is off. soup in c1 is not cooking. s0 is empty. s1 is empty. s2 is empty. Closest empty kitchen counter k4 is 1 units away. 
Available Actions:
[wait., move away.]",move away.,Action: move away.
7,"['wait.', 'wait.', 'wait.', 'move away.', 'pick up onion from s1.', 'place onion in c0.', 'move away.', 'pick up onion from s0.', 'move away.', 'pick up onion from s1.', 'place onion in c0.']",nothing,nothing,infinite,infinite,infinite,1,1,1,1,0,1,1,off,not cooking,0,off,not cooking,onion,empty,empty,pick up onion from s0. | wait. | move away.,"action history: wait., move away., pick up onion from s1., place onion in c0., move away..
<Inventory>: I am holding nothing. <My location information:> o0 is inaccessible. o1 is inaccessible. p0 is inaccessible. d0 is 1 units away. c0 is 1 units away. c1 is 1 units away. s0 is 1 units away. s1 is 0 units away. s2 is 1 units away. 
<Environment Details>: c0 contains 1 out of 3 onions. c0 is off. soup in c0 is not cooking. c1 contains 0 out of 3 onions. c1 is off. soup in c1 is not cooking. s0 contains onion. s1 is empty. s2 is empty. Closest empty kitchen counter k4 is 0 units away. 
Available Actions:
[pick up onion from s0., wait., move away.]",pick up onion from s0.,Action: pick up onion from s0.
8,"['wait.', 'wait.', 'wait.', 'move away.', 'pick up onion from s1.', 'place onion in c0.', 'move away.', 'pick up onion from s0.', 'move away.', 'pick up onion from s1.', 'place onion in c0.']",nothing,onion,infinite,infinite,infinite,2,0,0,0,1,2,1,off,not cooking,0,off,not cooking,empty,empty,empty,wait. | move away.,"action history: move away., pick up onion from s1., place onion in c0., move away., pick up onion from s0..
<Inventory>: I am holding nothing. <My location information:> o0 is inaccessible. o1 is inaccessible. p0 is inaccessible. d0 is 2 units away. c0 is 0 units away. c1 is 0 units away. s0 is 0 units away. s1 is 1 units away. s2 is 2 units away. 
<Environment Details>: c0 contains 1 out of 3 onions. c0 is off. soup in c0 is not cooking. c1 contains 0 out of 3 onions. c1 is off. soup in c1 is not cooking. s0 is empty. s1 is empty. s2 is empty. Closest empty kitchen counter k4 is 1 units away. 
Available Actions:
[wait., move away.]",move away.,Action: move away.
9,"['wait.', 'wait.', 'wait.', 'move away.', 'pick up onion from s1.', 'place onion in c0.', 'move away.', 'pick up onion from s0.', 'move away.', 'pick up onion from s1.', 'place onion in c0.']",nothing,nothing,infinite,infinite,infinite,1,1,1,1,0,1,1,off,not cooking,0,off,not cooking,empty,onion,empty,pick up onion from s1. | wait. | move away.,"action history: pick up onion from s1., place onion in c0., move away., pick up onion from s0., move away..
<Inventory>: I am holding nothing. <My location information:> o0 is inaccessible. o1 is inaccessible. p0 is inaccessible. d0 is 1 units away. c0 is 1 units away. c1 is 1 units away. s0 is 1 units away. s1 is 0 units away. s2 is 1 units away. 
<Environment Details>: c0 contains 1 out of 3 onions. c0 is off. soup in c0 is not cooking. c1 contains 0 out of 3 onions. c1 is off. soup in c1 is not cooking. s0 is empty. s1 contains onion. s2 is empty. Closest empty kitchen counter k4 is 0 units away. 
Available Actions:
[pick up onion from s1., wait., move away.]",pick up onion from s1.,Action: pick up onion from s1.
10,"['wait.', 'wait.', 'wait.', 'move away.', 'pick up onion from s1.', 'place onion in c0.', 'move away.', 'pick up onion from s0.', 'move away.', 'pick up onion from s1.', 'place onion in c0.']",onion,onion,infinite,infinite,infinite,1,1,1,1,0,1,1,off,not cooking,0,off,not cooking,empty,empty,empty,place onion in c0. | place onion in c1. | place onion on k4. | place onion in s0. | place onion in s1. | place onion in s2. | wait. | move away.,"action history: place onion in c0., move away., pick up onion from s0., move away., pick up onion from s1..
<Inventory>: I am holding onion. <My location information:> o0 is inaccessible. o1 is inaccessible. p0 is inaccessible. d0 is 1 units away. c0 is 1 units away. c1 is 1 units away. s0 is 1 units away. s1 is 0 units away. s2 is 1 units away. 
<Environment Details>: c0 contains 1 out of 3 onions. c0 is off. soup in c0 is not cooking. c1 contains 0 out of 3 onions. c1 is off. soup in c1 is not cooking. s0 is empty. s1 is empty. s2 is empty. Closest empty kitchen counter k4 is 0 units away. 
Available Actions:
[place onion in c0., place onion in c1., place onion on k4., place onion in s0., place onion in s1., place onion in s2., wait., move away.]",place onion in c0.,Action: place onion in c0.
11,"['wait.', 'wait.', 'wait.', 'move away.', 'pick up onion from s1.', 'place onion in c0.', 'move away.', 'pick up onion from s0.', 'move away.', 'pick up onion from s1.', 'place onion in c0.']",nothing,nothing,infinite,infinite,infinite,2,0,0,0,1,2,2,off,not cooking,0,off,not cooking,empty,onion,empty,pick up onion from s1. | wait. | move away.,"action history: move away., pick up onion from s0., move away., pick up onion from s1., place onion in c0..
<Inventory>: I am holding nothing. <My location information:> o0 is inaccessible. o1 is inaccessible. p0 is inaccessible. d0 is 2 units away. c0 is 0 units away. c1 is 0 units away. s0 is 0 units away. s1 is 1 units away. s2 is 2 units away. 
<Environment Details>: c0 contains 2 out of 3 onions. c0 is off. soup in c0 is not cooking. c1 contains 0 out of 3 onions. c1 is off. soup in c1 is not cooking. s0 is empty. s1 contains onion. s2 is empty. Closest empty kitchen counter k4 is 1 units away. 
Available Actions:
[pick up onion from s1., wait., move away.]",pick up onion from s1.,Action: pick up onion from s1.
